id,career_id,nombre,creditos
1,1,TECNICAS DE COMUNICACION ORAL Y ESCRITA,5
2,1,SEMINARIO DE ORIENTACION,1
3,1,DIBUJO INDUSTRIAL,5
4,1,GEOMETRIA Y TRIGONOMETRIA,0
5,1,FISICA A,8
6,1,QUIMICA AGROINDUSTRIAL,10
7,1,BIOLOGIA PARA INGENIEROS,8
8,1,INTRODUCCION A LA INGENIERIA AGROINDUSTRIAL,3
9,1,HERRAMIENTAS DE COMPUTO,5
10,1,TALLER DE HABILIDADES DIGITALES,3
11,1,GEOMETRIA DESCRIPTIVA,5
12,1,DISEÑO ASISTIDO POR COMPUTADORA,5
13,1,CALCULO A,8
14,1,ALGEBRA B,8
15,1,BIOQUIMICA,10
16,1,TECNOLOGIAS DE LA TRANSFORMACION,3
17,1,ADMINISTRACION Y ORGANIZACION,6
18,1,INGLES 1,0
19,1,ACCIONES AGROECOLOGICAS,8
20,1,BALANCE DE MASA Y ENERGIA,8
21,1,FISICA B,8
22,1,QUIMICA ANALITICA,10
23,1,ANATOMIA Y FISIOLOGIA VEGETAL,8
24,1,ANATOMIA Y FISIOLOGIA ANIMAL,8
25,1,TENDENCIAS SOCIALES,2
26,1,INGLES 2,0
27,1,CALCULO D,8
28,1,TERMODINAMICA,8
29,1,MICROBIOLOGIA,10
30,1,RELACION SUELO-AGUA PLANTA ATMOSFERA,8
31,1,PLANEACION Y EVALUACION DE PROYECTOS,6
32,1,INGLES 3,0
33,1,ESTADISTICA,10
34,1,FISICOQUIMICA,8
35,1,PRODUCCION FORESTAL,8
36,1,PRODUCCION AGRICOLA,8
37,1,PRODUCCION PECUARIA,8
38,1,INGENIERIA ECONOMICA Y FINANCIERA,6
39,1,LIDERAZGO Y EMPRENDIMIENTO,3
40,1,INGLES 4,0
41,1,METODOS ESTADISTICOS,8
42,1,FISICOQUIMICA DE BIOMOLECULAS,8
43,1,FLUJO DE FLUIDOS Y SEPARACIONES MECANICAS,8
44,1,FISIOLOGIA POSTRECOLECCION,8
45,1,FACTOR HUMANO,6
46,1,NEGOCIACION Y COMERCIALIZACION,6
47,1,INGLES 5,0
48,1,TALLER INTEGRADOR I,5
49,1,INGENIERIA DE PROCESOS AGROINDUSTRIALES,10
50,1,TRANSFERENCIA DE MASA,8
51,1,TRANSFERENCIA DE CALOR,8
52,1,BIOTECNOLOGIA,12
53,1,ADMINISTRACION DE CALIDAD TOTAL,6
54,1,TALLER INTEGRADOR II,5
55,1,INGENIERIA DE PLANTA I,10
56,1,PROCESOS ALIMENTARIOS AGRICOLAS,11
57,1,PROCESOS NO ALIMENTARIOS I,8
58,1,DESARROLLO EMPRESARIAL,6
59,1,TALLER INTEGRADOR III,5
60,1,INGENIERIA DE PLANTA II,10
61,1,PROCESOS FORESTALES,8
62,1,PROCESOS ALIMENTARIOS PECUARIOS,11
63,1,PROCESOS NO ALIMENTARIOS II,8
64,1,PRACTICAS PROFESIONALES I,15
65,2,SEMINARIO DE ORIENTACION ING. AMBIENTAL,0
66,2,BIODIVERSIDAD Y EVOLUCION,9
67,2,PROBLEMATICA AMBIENTAL,9
68,2,ALGEBRA A,8
69,2,QUIMICA A,8
70,2,CALCULO A,8
71,2,GEOMETRIA Y TRIGONOMETRIA,0
72,2,METODOLOGIA DE LA INVESTIGACION,4
73,2,ECOLOGIA GENERAL,9
74,2,ALGEBRA B,8
75,2,QUIMICA ORGANICA AMBIENTAL,6
76,2,CALCULO B,8
77,2,FISICA A,8
78,2,TECNICAS DE COMUNICACION ORAL Y ESCRITA,5
79,2,INGLES 1,0
80,2,GEOLOGIA BASICA I,10
81,2,METEOROLOGIA / CLIMATOLOGIA,7
82,2,DESARROLLO SOSTENIBLE,4
83,2,COMPUTACION APLICADA A LA INGENIERIA AMBIENTAL I,5
84,2,FISICA C,6
85,2,TERMODINAMICA I,8
86,2,CALCULO D,8
87,2,INGLES 2,0
88,2,PROBABILIDAD Y ESTADISTICA,8
89,2,EDAFOLOGIA AMBIENTAL,7
90,2,COMPUTACION APLICADA A LA INGENIERIA AMBIENTAL II,7
91,2,QUIMICA DE SOLUCIONES,6
92,2,TERMODINAMICA II,8
93,2,BALANCES DE MATERIA Y ENERGIA,10
94,2,TENDENCIAS SOCIALES,2
95,2,INGLES 3,0
96,2,INFERENCIA ESTADISTICA,8
97,2,ADMINISTRACION Y COACHING EMPRESARIAL,8
98,2,GESTION AMBIENTAL,6
99,2,HIDRAULICA AMBIENTAL,8
100,2,QUIMICA AMBIENTAL,6
101,2,QUIMICA ANALITICA,6
102,2,FENOMENOS DE TRANSPORTE,6
103,2,GESTION Y DESARROLLO SOCIAL,2
104,2,INGLES 4,0
105,2,INGENIERIA ECONOMICA,8
106,2,INSTRUMENTACION Y CONTROL DE PROCESOS,7
107,2,HIDROLOGIA,6
108,2,MANEJO DE RECURSOS NATURALES,9
109,2,LABORATORIO DE CIENCIAS AMBIENTALES I,4
110,2,MICROBIOLOGIA AMBIENTAL,7
111,2,CINETICA EN INGENIERIA AMBIENTAL,6
112,2,LIDERAZGO Y EMPRENDIMIENTO,3
113,2,INGLES 5,0
114,2,FORMULACION Y GESTION DE PROYECTOS,7
115,2,SEGURIDAD E HIGIENE EN LA INDUSTRIA,10
116,2,AREAS NATURALES PROTEGIDAS Y PLANES DE MANEJO,5
117,2,LABORATORIO DE CIENCIAS AMBIENTALES II,4
118,2,PREVENCION Y CONTROL DE LA CONTAMINACION DEL AIRE,7
119,2,BIOTECNOLOGIA AMBIENTAL,6
120,2,ARTE- CULTURA Y HUMANIDADES I,2
121,2,VALIDACION DE LA LENGUA EXTRANJERA,0
122,2,ECONOMIA AMBIENTAL,8
123,2,EVALUACION DE IMPACTO AMBIENTAL,7
124,2,EVALUACION DE RIESGO AMBIENTAL,5
125,2,ARTE- CULTURA Y HUMANIDADES II,2
126,2,PREVENCION Y CONTROL DE LA CONTAMINACION DEL AGUA,7
127,2,GESTION Y CONTROL DE LOS RESIDUOS,7
128,2,DESARROLLO DE PROYECTOS,15
129,2,ACTIVIDADES ARTISTICAS- DEPORTIVAS O DE DIVULGACION,2
130,3,ALGEBRA A,8
131,3,HERRAMIENTAS DE COMPUTO I,4
132,3,CALCULO A,8
133,3,GEOMETRIA Y TRIGONOMETRIA,0
134,3,FISICA A,8
135,3,GEOLOGIA APLICADA A LA ING. CIVIL,8
136,3,GEOMETRIA DESCRIPTIVA,5
137,3,SEMINARIO Y VISITAS DE OBRA I,1
138,3,METODOLOGIA DE LA INVESTIGACION,4
139,3,SEMINARIO DE ORIENTACION ING. CIVIL,0
140,3,ALGEBRA B,8
141,3,HERRAMIENTAS DE COMPUTO II,3
142,3,CALCULO B,8
143,3,ESTATICA,10
144,3,MATERIALES DE CONSTRUCCION,7
145,3,DIBUJO CIVIL Y ARQUITECTONICO,5
146,3,SEMINARIO Y VISITAS DE OBRA II,1
147,3,TECNICAS DE COMUNICACION ORAL Y ESCRITA,5
148,3,INGLES 1,0
149,3,ESTADISTICA APLICADA,8
150,3,ANALISIS NUMERICO,6
151,3,CALCULO D,8
152,3,ANALISIS DE ESTRUCTURAS ISOSTATICAS,10
153,3,TOPOGRAFIA,10
154,3,FISICA C,6
155,3,SEMINARIO Y VISITAS DE OBRA III,1
156,3,LIDERAZGO Y EMPRENDIMIENTO,3
157,3,INGLES 2,0
158,3,INGENIERIA DE SISTEMAS,8
159,3,HERRAMIENTAS DE COMPUTO III,6
160,3,CINEMATICA,8
161,3,MECANICA DE MATERIALES,10
162,3,CONSTRUCCION I,10
163,3,SISTEMAS ELECTROMECANICOS,6
164,3,ARTE- CULTURA Y HUMANIDADES I,2
165,3,INGLES 3,0
166,3,TEORIA DE LA PLANEACION,6
167,3,HIDRAULICA I,12
168,3,CINETICA,8
169,3,ANALISIS DE ESTRUCTURAS HIPERESTATICAS I,10
170,3,GEOTECNIA I,12
171,3,ARTE- CULTURA Y HUMANIDADES II,2
172,3,INGLES 4,0
173,3,QUIMICA DEL AGUA,8
174,3,HIDRAULICA II,11
175,3,ESTRUCTURAS DE CONCRETO,10
176,3,ANALISIS DE ESTRUCTURAS HIPERESTATICAS II,10
177,3,CONSTRUCCION II,10
178,3,ACTIVIDADES ARTISTICAS- DEPORTIVAS O DE DIVULGACION,2
179,3,INGLES 5,0
180,3,ADMINISTRACION- ECONOMIA Y LEGISLACION EN LA CONSTRUCCION,8
181,3,INGENIERIA SANITARIA,10
182,3,HIDROLOGIA,8
183,3,ESTRUCTURAS DE ACERO,10
184,3,SIMULACION DE SISTEMAS ESTRUCTURALES,6
185,3,GEOTECNIA II,10
186,3,TALLER DE PROYECTOS I,6
187,3,INSTALACIONES EN EDIFICIOS,8
188,3,OBRAS HIDRAULICAS,10
189,3,GEOHIDROLOGIA,8
190,3,CIMENTACIONES,6
191,3,CONSTRUCCION III,10
192,3,TALLER DE PROYECTOS II,6
193,3,URBANISMO,6
194,3,PUENTES,8
195,3,INGENIERIA SISMICA,6
196,3,VIAS TERRESTRES,10
197,3,CONSTRUCCION IV,6
198,3,LICITACION DE OBRAS,6
199,3,TALLER DE PROYECTOS III,10
200,3,INGENIERIA SUSTENTABLE,6
201,3,INGENIERIA VIAL,8
202,3,PRACTICAS PROFESIONALES I,15
203,3,INGENIERIA DE COSTOS- CONTABILIDAD Y ESTADOS FINANCIEROS,6
204,3,TALLER DE PROYECTOS IV,10
205,3,SEMINARIO DE EGRESO,0
206,4,QUIMICA A,8
207,4,MATEMATICAS DISCRETAS I,8
208,4,PENSAMIENTO ALGORITMICO,8
209,4,TEMAS SELECTOS DE MATEMATICAS,8
210,4,HERRAMIENTAS DE SOFTWARE,8
211,4,SEMINARIO DE ORIENTACION EN COMPUTACION,2
212,4,METODOLOGIA DE LA INVESTIGACION,4
213,4,CALCULO A,8
214,4,MATEMATICAS DISCRETAS II,8
215,4,ESTRUCTURAS DE DATOS I,8
216,4,ALGEBRA B,8
217,4,FUNDAMENTOS DE CURCUITOS ELECTRICOS,10
218,4,ARTE- CULTURA Y HUMANIDADES I,2
219,4,INGLES 1,5
220,4,CALCULO B,8
221,4,INGENIERIA DE SOFTWARE,8
222,4,ESTRUCTURAS DE DATOS II,8
223,4,LENGUAJES DE PROGRAMACION,8
224,4,DISPOSITIVOS SEMICONDUCTORES,10
225,4,FUNDAMENTOS DE DISEÑO DIGITAL,8
226,4,CALCULO D,8
227,4,FISICA A,8
228,4,TECNOLOGIA ORIENTADA A OBJETOS,8
229,4,ALGORITMOS Y COMPLEJIDAD,8
230,4,DISEÑO DIGITAL,10
231,4,TENDENCIAS SOCIALES,2
232,4,INGLES 2,5
233,4,ANALISIS NUMERICO,8
234,4,INTERFACES GRAFICAS CON APLICACIONES,8
235,4,SISTEMAS OPERATIVOS,8
236,4,DISEÑO DE MICROCOMPUTADORAS,8
237,4,GESTION Y DESARROLLO SOCIAL,2
238,4,INGLES 3,5
239,4,INGENIERIA DE SOFTWARE B,8
240,4,GRAFOS,10
241,4,PROBABILIDAD Y ESTADISTICA,8
242,4,ADMINISTRACION,8
243,4,MICROCONTROLADORES,10
244,4,TECNICAS DE COMUNICACION ORAL Y ESCRITA,5
245,4,INGLES 4,5
246,4,ADMINISTRACION DE PROYECTOS I,8
247,4,GRAFICACION POR COMPUTADORA,8
248,4,COMPILADORES E INTERPRETES A,10
249,4,SISTEMAS OPERATIVOS B,10
250,4,ESTRUCTURAS DE ARCHIVOS,8
251,4,ROBOTICA,8
252,4,INGLES 5,5
253,4,ADMINISTRACION DE SISTEMAS,8
254,4,GRAFICACION POR COMPUTADORA B,10
255,4,PROGRAMACION DE SISTEMAS,12
256,4,BASES DE DATOS A,10
257,4,ADMINISTRACION INFORMATICA A,8
258,4,ARTE- CULTURA Y HUMANIDADES II,2
259,4,FUNDAMENTOS DE DESARROLLO WEB,8
260,4,FUNDAMENTOS DE INTELIGENCIA ARTIFICIAL,8
261,4,COMPUTACION UBICUA,8
262,4,ADMINISTRACION DE BASES DE DATOS,8
263,4,PROYECTO INTEGRADOR,10
264,4,REDES A,12
265,4,INTERFACES DE COMUNICACIONES,8
266,4,LIDERAZGO Y EMPRENDIMIENTO,3
267,4,PRACTICAS PROFESIONALES I,15
268,4,SUPERCOMPUTO,8
269,4,VISION COMPUTACIONAL,8
270,4,TECNOLOGIA INFORMATICA,6
271,4,TELEMATICA A,8
272,4,REDES B,10
273,4,SEMINARIO I.C.,1
274,4,ACTIVIDADES ARTISTICAS- DEPORTIVAS O DE DIVULGACION,2
275,4,SEMINARIO DE EGRESO,0
276,5,DISEÑO ASISTIDO POR COMPUTADORA,3
277,5,QUIMICA A,8
278,5,ALGEBRA A,8
279,5,GEOMETRIA DESCRIPTIVA,5
280,5,CALCULO A,8
281,5,FISICA A,8
282,5,GEOMETRIA Y TRIGONOMETRIA,0
283,5,METODOLOGIA DE LA INVESTIGACION,4
284,5,SEMINARIO DE ORIENTACION IEA,1
285,5,MATERIALES PARA INGENIERIA,9
286,5,ELECTRICIDAD Y MAGNETISMO A,9
287,5,CALCULO C,6
288,5,CALCULO B,8
289,5,ESTATICA,8
290,5,TECNICAS DE COMUNICACION ORAL Y ESCRITA,5
291,5,INGLES 1,0
292,5,ALGEBRA B,8
293,5,ELECTRICIDAD Y MAGNETISMO B,9
294,5,CALCULO D,8
295,5,SISTEMAS DE ALUMBRADO,6
296,5,MECANICA DE MATERIALES I,11
297,5,INGLES 2,0
298,5,MODELADO Y SIMULACION,8
299,5,INTRODUCCIÓN A LA PROGRAMACIÓN,8
300,5,CIRCUITOS ELECTRICOS A,12
301,5,PROBABILIDAD E INFERENCIA ESTADISTICA,10
302,5,DINAMICA,8
303,5,INGLES 3,0
304,5,INSTRUMENTACION INDUSTRIAL,7
305,5,DISEÑO DE SISTEMAS DIGITALES,7
306,5,ELECTRONICA I,12
307,5,CIRCUITOS ELECTRICOS B,10
308,5,TERMODINAMICA,11
309,5,INGLES 4,0
310,5,INGENIERIA DE CONTROL I,8
311,5,ELECTRONICA II,8
312,5,MAQUINAS ELECTRICAS I,12
313,5,DIAGRAMAS ELECTRICOS,3
314,5,TECNOLOGIA DE PLANTAS GENERADORAS,8
315,5,PRINCIPIOS DE ADMINISTRACION,6
316,5,INGLES 5,0
317,5,ELECTRONEUMATICA,8
318,5,MICROCONTROLADORES,7
319,5,ELECTRONICA DE POTENCIA I,8
320,5,ANALISIS NUMERICO,6
321,5,MAQUINAS ELECTRICAS II,12
322,5,INGENIERIA Y GESTION AMBIENTAL,3
323,5,LIDERAZGO Y EMPRENDIMIENTO,3
324,5,VALIDACION DE LA LENGUA EXTRANJERA,0
325,5,CONTROL LOGICO PROGRAMABLE,8
326,5,ELECTRONICA DE POTENCIA II,8
327,5,ADMINISTRACION DE PROYECTOS,6
328,5,SISTEMAS ELECTRICOS DE POTENCIA I,9
329,5,INSTALACIONES ELECTRICAS A,10
330,5,CONTROL DE CALIDAD,6
331,5,INGENIERIA DE CONTROL II,8
332,5,PROYECTO INTEGRADOR IEA,10
333,5,SISTEMAS ELECTRICOS DE POTENCIA II,8
334,5,SUBESTACIONES ELECTRICAS A,10
335,5,ADMINISTRACION DE PERSONAL,6
336,5,SEMINARIO,2
337,5,PRACTICAS PROFESIONALES I,15
338,5,SEMINARIO DE EGRESO,0
339,6,TECNICAS DE COMUNICACION ORAL Y ESCRITA,5
340,6,GEOMETRIA Y TRIGONOMETRIA,0
341,6,TECNOLOGIAS PARA EL MANEJO DE DATOS ESPACIALES,9
342,6,INTRODUCCION A LAS CIENCIAS GEOESPACIALES,10
343,6,GEOMETRIA DESCRIPTIVA,5
344,6,ALGEBRA A,8
345,6,METEOROLOGIA Y CLIMATOLOGIA,8
346,6,BASES DE DATOS ORIENTADAS A OBJETOS,8
347,6,PROGRAMACION ORIENTADA A OBJETOS,8
348,6,FISICA A,8
349,6,DIBUJO PARA INGENIEROS,5
350,6,ESTADISTICA,10
351,6,ALGEBRA B,8
352,6,INGLES 1,0
353,6,CALCULO A,8
354,6,FISICA Y ALTIMETRIA DE SATELITES,8
355,6,TOPOGRAFIA PLANIMETRICA Y ALTIMETRICA,12
356,6,FUNDAMENTOS DE SISTEMAS DE INFORMACION GEOGRAFICOS,8
357,6,FOTOGRAMETRIA DIGITAL,8
358,6,PROYECCIONES CARTOGRAFICAS,8
359,6,METODOLOGIA DE LA INVESTIGACION,4
360,6,INGLES 2,0
361,6,CALCULO B,8
362,6,LENGUAJE DE PROGRAMACION I,8
363,6,ASTRONOMIA PARA EL POSICIONAMIENTO,5
364,6,TOPOGRAFIA SUBTERRANEA,8
365,6,FUNDAMENTOS DE TELEDETECCION,8
366,6,QUIMICA A,8
367,6,ACTIVIDADES ARTISTICAS- DEPORTIVAS O DE DIVULGACION,2
368,6,INGLES 3,0
369,6,LENGUAJE DE PROGRAMACION II,8
370,6,GEODESIA,8
371,6,INTEGRACION DE DATOS ESPACIALES,8
372,6,APLICACIONES DE TELEDETECCION,8
373,6,CARTOGRAFIA DIGITAL,8
374,6,HIDROGRAFIA,8
375,6,ARTE- CULTURA Y HUMANIDADES I,2
376,6,INGLES 4,0
377,6,GESTION PARA LA CREACION DE UNA EMPRESA,8
378,6,LENGUAJE DE PROGRAMACION III,8
379,6,SISTEMAS DE POSICIONAMIENTO,8
380,6,BASES DE DATOS ESPACIALES,10
381,6,ANALISIS ESPACIAL DEL MEDIO AMBIENTE,5
382,6,SISTEMAS HIDROLOGICOS,8
383,6,LIDERAZGO Y EMPRENDIMIENTO,3
384,6,INGLES 5,0
385,6,VALUACION INMOBILIARIA SOBRE EL TERRITORIO,5
386,6,PLANEACION Y DISEÑO DE SISTEMAS,5
387,6,DESARROLLO DE PROYECTO DE INGENIERIA,5
388,6,APLICACIONES DE GEODESIA Y POSICIONAMIENTO,8
389,6,APLICACIONES DE SISTEMAS DE INFORMACION GEOGRAFICOS,8
390,6,URBANISMO Y ORDENAMIENTO TERRITORIAL,5
391,6,AGRICULTURA DE PRECISION,8
392,6,GESTION DE PROYECTOS,3
393,6,SISTEMAS CATASTRALES,5
394,6,DIFUSION DE DATOS ESPACIALES EN INTERNET,8
395,6,ESTRUCTURAS DE DATOS GEOMETRICOS,8
396,6,SEMINARIO DE TITULACION,2
397,6,MODELOS DIGITALES DE TERRENO,8
398,6,INTELIGENCIA ARTIFICIAL Y RECONOCIMIENTO DE PATRONES,8
399,6,LEGISLACION PARA EL USO DE DATOS GEOESPACIALES,8
400,6,MODELADO EN OBRAS HIDRAULICAS,8
401,6,ARTE- CULTURA Y HUMANIDADES II,2
402,6,GEOESTADISTICA,8
403,6,MODELIZACION GEOMETRICA 3D,8
404,6,MINERIA DE DATOS ESPACIALES,8
405,6,DELIMITACION TERRITORIAL,5
406,7,GEOMETRIA Y TRIGONOMETRIA,0
407,7,QUIMICA A,8
408,7,ALGEBRA A,8
409,7,SEMINARIO DE ORIENTACION ING. AMBIENTAL,0
410,7,COMPUTACION APLICADA A,6
411,7,CRISTALOGRAFIA,5
412,7,GEOLOGIA BASICA I,10
413,7,METODOLOGIA DE LA INVESTIGACION,4
414,7,TECNICAS DE COMUNICACION ORAL Y ESCRITA,5
415,7,INGLES 1,0
416,7,CALCULO A,8
417,7,ALGEBRA B,8
418,7,DIBUJO GEOLOGICO ESTRUCTURAL,5
419,7,COMPUTACION APLICADA B,6
420,7,MINERALOGIA,5
421,7,GEOLOGIA BASICA II,10
422,7,SEDIMENTOLOGIA,6
423,7,INGLES 2,0
424,7,CALCULO B,8
425,7,FISICA A,8
426,7,GEOMORFOLOGIA,6
427,7,MINEROLOGIA OPTICA,9
428,7,TOPOGRAFIA APLICADA Y PRACTICAS,8
429,7,ESTRATIGRAFIA,6
430,7,TENDENCIAS SOCIALES,2
431,7,INGLES 3,0
432,7,HIDROLOGIA,6
433,7,FISICA C,6
434,7,GEOLOGIA ESTRUCTURAL I,6
435,7,PETROLOGIA Y PETROGRAFIA IGNEA,11
436,7,PROBABILIDAD Y ESTADISTICA,8
437,7,PALEONTOLOGIA,6
438,7,GESTION Y DESARROLLO SOCIAL,2
439,7,INGLES 4,0
440,7,AGUA SUBTERRANEA,8
441,7,GEOQUIMICA,8
442,7,GEOLOGIA ESTRUCTURAL II,8
443,7,PETROLOGIA Y PETROGRAFIA SEDIMENTARIA,8
444,7,GEOLOGIA HISTORICA,8
445,7,ARTE- CULTURA Y HUMANIDADES I,2
446,7,INGLES 5,0
447,7,ADMINISTRACION Y COACHING EMPRESARIAL,8
448,7,EXCURSIONES GEOLOGICAS I,10
449,7,GEOMORFOLOGIA ESTRUCTURAL,6
450,7,PETROLOGIA Y PETROGRAFIA METAMORFICA,10
451,7,GEOTECTONICA,8
452,7,METODOS DE PERFORACION,8
453,7,ARTE- CULTURA Y HUMANIDADES II,2
454,7,FORMULACION Y GESTION DE PROYECTOS,7
455,7,CONTAMINACION DEL AGUA SUBTERRANEA,8
456,7,DESARROLLO DE PROYECTOS GEOLOGICOS I,10
457,7,GEOLOGIA DE MEXICO,8
458,7,YACIMIENTOS MINERALES,10
459,7,GEOFISICA APLICADA,5
460,7,LIDERAZGO Y EMPRENDIMIENTO,3
461,7,EXCURSIONES GEOLOGICAS II,10
462,7,DESARROLLO DE PROYECTOS GEOLOGICOS II,10
463,7,GEOLOGIA DEL PETROLEO,6
464,7,GEOLOGIA ECONOMICA,8
465,7,COMPUTACION APLICADA C,6
466,7,GEOTECNIA I,12
467,7,ACTIVIDADES ARTISTICAS- DEPORTIVAS O DE DIVULGACION,2
468,7,METODOS DE EXPLORACION,8
469,7,GEOLOGIA AMBIENTAL,8
470,7,PRACTICAS PROFESIONALES I,15
471,7,PRACTICAS PROFESIONALES II,15
472,7,GEOLOGIA APLICADA A LA INGENIERIA CIVIL,10
473,8,QUIMICA A,8
474,8,PENSAMIENTO ALGORITMICO,8
475,8,ALGEBRA A,8
476,8,HERRAMIENTAS DE SOFTWARE,8
477,8,FUNDAMENTOS DE DISEÑO DIGITAL,8
478,8,SEMINARIO DE ORIENTACION I.I.,0
479,8,METODOLOGIA DE LA INVESTIGACION,4
480,8,FISICA A,8
481,8,GEOMETRIA Y TRIGONOMETRIA,0
482,8,ESTRUCTURAS DE DATOS I,8
483,8,ALGEBRA B,8
484,8,CALCULO A,8
485,8,MATEMATICAS DISCRETAS I,8
486,8,TECNICAS DE COMUNICACION ORAL Y ESCRITA,5
487,8,INGENIERIA DE REQUERIMIENTOS,10
488,8,LENGUAJES DE PROGRAMACION,8
489,8,ESTRUCTURAS DE DATOS II,8
490,8,CALCULO D,8
491,8,CALCULO C,6
492,8,DISEÑO DIGITAL,10
493,8,ACTIVIDADES ARTISTICAS- DEPORTIVAS O DE DIVULGACION,2
494,8,INGLES 1,5
495,8,MODELADO MATEMATICO,8
496,8,TECNOLOGIA ORIENTADA A OBJETOS,8
497,8,ANALISIS NUMERICO,8
498,8,ARQUITECTURA DE COMPUTADORAS A,10
499,8,LEGISLACION E INFORMATICA,6
500,8,TENDENCIAS SOCIALES,2
501,8,INGLES 2,5
502,8,INGENIERIA DE SOFTWARE A,10
503,8,MODELOS MATEMATICOS B,6
504,8,INTERFACES GRAFICAS CON APLICACIONES,8
505,8,PROBABILIDAD Y ESTADISTICA,8
506,8,ECONOMIA Y FINANZAS,6
507,8,GESTION Y DESARROLLO SOCIAL,2
508,8,INGLES 3,5
509,8,INGENIERIA DE SOFTWARE B,8
510,8,GRAFICACION POR COMPUTADORA,8
511,8,GRAFOS,10
512,8,SISTEMAS OPERATIVOS,8
513,8,ESTRUCTURAS DE ARCHIVOS,8
514,8,ARTE- CULTURA Y HUMANIDADES I,2
515,8,INGLES 4,5
516,8,INGENIERIA DE SOFTWARE C,8
517,8,ADMINISTRACION DE SISTEMAS,8
518,8,COMPILADORES E INTERPRETES A,10
519,8,REDES A,12
520,8,BASES DE DATOS A,10
521,8,ADMINISTRACION,8
522,8,LIDERAZGO Y EMPRENDIMIENTO,3
523,8,INGLES 5,5
524,8,FUNDAMENTOS DE DESARROLLO WEB,8
525,8,GRAFICACION POR COMPUTADORA B,10
526,8,VISION COMPUTACIONAL,8
527,8,SISTEMAS OPERATIVOS B,10
528,8,ADMINISTRACION DE BASES DE DATOS,8
529,8,PROYECTO INTEGRADOR,10
530,8,ARTE- CULTURA Y HUMANIDADES II,2
531,8,APLICACIONES WEB INTERACTIVAS,8
532,8,FUNDAMENTOS DE INTELIGENCIA ARTIFICIAL,8
533,8,SISTEMAS DE INFORMACION A,10
534,8,TELEMATICA A,8
535,8,REDES B,10
536,8,BASES DE DATOS B,10
537,8,ADMINISTRACION INFORMATICA A,8
538,8,PRACTICAS PROFESIONALES I,15
539,8,SUPERCOMPUTO,8
540,8,COMPUTACION UBICUA,8
541,8,SISTEMAS DE INFORMACION B,6
542,8,PRINCIPIOS DE SEGURIDAD INFORMATICA,8
543,8,SEMINARIO DE EGRESO,0
544,8,TECNOLOGIA INFORMATICA,6
545,8,ADMINISTRACION INFORMATICA B,8
546,8,SEMINARIO I.I.,1
547,9,ALGEBRA A,8
548,9,PRINCIPIOS DE ADMINISTRACION,6
549,9,QUIMICA A,8
550,9,GEOMETRIA DESCRIPTIVA,5
551,9,GEOMETRIA Y TRIGONOMETRIA,0
552,9,FISICA A,8
553,9,CALCULO A,8
554,9,SEMINARIO DE ORIENTACION IM,1
555,9,METODOLOGIA DE LA INVESTIGACION,4
556,9,ALGEBRA B,8
557,9,HABILIDADES SOCIO AFECTIVAS Y ETICAS,3
558,9,DIBUJO EN INGENIERIA MECANICA,8
559,9,CALCULO C,6
560,9,ESTATICA,8
561,9,FISICA B,8
562,9,CALCULO B,8
563,9,INGLES 1,0
564,9,PROBABILIDAD E INFERENCIA ESTADISTICA,10
565,9,INGENIERIA DE MATERIALES I,6
566,9,DIBUJO ASISTIDO POR COMPUTADORA,3
567,9,DINAMICA,8
568,9,MECANICA DE MATERIALES I,11
569,9,CALCULO D,8
570,9,INGLES 2,0
571,9,INVESTIGACION DE OPERACIONES I,6
572,9,INTRODUCCIÓN A LA PROGRAMACIÓN,8
573,9,INGENIERIA DE MATERIALES II,7
574,9,METROLOGIA,8
575,9,CINEMATICA DE LAS MAQUINAS,10
576,9,MECANICA DE MATERIALES II,6
577,9,INGLES 3,0
578,9,TECNICAS DE COMUNICACION ORAL Y ESCRITA,5
579,9,SISTEMAS DE PRODUCCION,8
580,9,ANALISIS NUMERICO,6
581,9,PROCESOS DE FABRICACION I,8
582,9,METODOLOGIA DEL DISEÑO,6
583,9,TERMODINAMICA,11
584,9,ELECTROTECNIA PARA INGENIERIA I,9
585,9,INGLES 4,0
586,9,PROCESOS DE FABRICACION II,6
587,9,VIBRACIONES MECANICAS,10
588,9,DISEÑO MECANICO A,11
589,9,MAQUINAS TERMICAS,11
590,9,ELECTROTECNIA PARA INGENIERIA II,10
591,9,INGLES 5,0
592,9,CONTROL DE CALIDAD,6
593,9,PROCESOS DE FABRICACION III,8
594,9,ADMINISTRACION DE PROYECTOS,6
595,9,DISEÑO MECANICO B,9
596,9,MECANICA DE FLUIDOS,11
597,9,SISTEMAS DE CONTROL Y AUTOMATIZACION,7
598,9,VALIDACION DE LA LENGUA EXTRANJERA,0
599,9,LIDERAZGO Y EMPRENDIMIENTO,3
600,9,CONTROL NUMERICO COMPUTARIZADO,8
601,9,INGENIERIA Y GESTION AMBIENTAL,3
602,9,METODO DE LOS ELEMENTOS FINITOS,9
603,9,FENOMENOS DE TRANSPORTE,10
604,9,CIRCUITOS HIDRAULICOS Y NEUMATICOS,10
605,9,TOPICOS AVANZADOS DE FABRICACION,6
606,9,MANTENIMIENTO INDUSTRIAL,6
607,9,PROYECTO INTEGRADOR IM,10
608,9,SISTEMAS HIDROMECANICOS A,7
609,9,SEMINARIO,2
610,9,INSTALACIONES INDUSTRIALES,6
611,9,PRACTICAS PROFESIONALES I,15
612,9,SEMINARIO DE EGRESO,0
613,10,PRINCIPIOS DE ADMINISTRACION,6
614,10,ALGEBRA A,8
615,10,FISICA A,8
616,10,CALCULO A,8
617,10,GEOMETRIA Y TRIGONOMETRIA,0
618,10,GEOMETRIA DESCRIPTIVA,5
619,10,QUIMICA A,8
620,10,METODOLOGIA DE LA INVESTIGACION,4
621,10,SEMINARIO DE ORIENTACION IMA,1
622,10,ALGEBRA B,8
623,10,CALCULO D,8
624,10,FISICA B,8
625,10,CALCULO B,8
626,10,ESTATICA,8
627,10,DIBUJO EN INGENIERIA MECANICA,8
628,10,INGLES 1,0
629,10,INTRODUCCION A LA CONTABILIDAD,6
630,10,INTRODUCCIÓN A LA PROGRAMACIÓN,8
631,10,TERMODINAMICA,11
632,10,CALCULO C,6
633,10,DINAMICA,8
634,10,INGENIERIA DE MATERIALES I,6
635,10,INGLES 2,0
636,10,TECNICAS DE COMUNICACION ORAL Y ESCRITA,5
637,10,CONTABILIDAD INDUSTRIAL,6
638,10,INVESTIGACION DE OPERACIONES I,6
639,10,ANALISIS NUMERICO,6
640,10,MECANICA DE MATERIALES I,11
641,10,MECANICA DE FLUIDOS,11
642,10,INGENIERIA DE MATERIALES II,7
643,10,INGLES 3,0
644,10,DIBUJO ASISTIDO POR COMPUTADORA,3
645,10,CONTABILIDAD ADMINISTRATIVA,6
646,10,INVESTIGACION DE OPERACIONES II,6
647,10,MAQUINAS TERMICAS,11
648,10,CINEMATICA DE LAS MAQUINAS,10
649,10,MECANICA DE MATERIALES II,6
650,10,ELECTROTECNIA PARA INGENIERIA I,9
651,10,INGLES 4,0
652,10,ECONOMIA,6
653,10,SISTEMAS DE PRODUCCION I,6
654,10,PROBABILIDAD E INFERENCIA ESTADISTICA,10
655,10,FENOMENOS DE TRANSPORTE,10
656,10,ELECTROTECNIA PARA INGENIERIA II,10
657,10,PROCESOS DE FABRICACION I,8
658,10,INGLES 5,0
659,10,ADMINISTRACION DE PERSONAL,6
660,10,SISTEMAS DE PRODUCCION II,6
661,10,METROLOGIA,8
662,10,INGENIERIA DE METODOS,8
663,10,DISEÑO MECANICO A,11
664,10,SISTEMAS DE CONTROL Y AUTOMATIZACION,7
665,10,VALIDACION DE LA LENGUA EXTRANJERA,0
666,10,GERENCIA EFECTIVA DE EMPRESAS,6
667,10,CONTROL DE CALIDAD,6
668,10,ADMINISTRACION DE PROYECTOS,6
669,10,INGENIERIA Y GESTION AMBIENTAL,3
670,10,DISEÑO MECANICO B,9
671,10,CIRCUITOS HIDRAULICOS Y NEUMATICOS,10
672,10,PROCESOS DE FABRICACION II,6
673,10,FORMULACION Y EVALUACION DE PROYECTOS,8
674,10,DISEÑO DE SISTEMAS DE PRODUCCION,6
675,10,SISTEMAS DE GESTION DE CALIDAD Y MEJORA CONTINUA,6
676,10,PROYECTO INTEGRADOR IMA,10
677,10,PROCESOS DE FABRICACION III,8
678,10,PRACTICAS PROFESIONALES I,15
679,10,SEMINARIO DE EGRESO,0
680,10,SEMINARIO,2
681,11,ALGEBRA A,8
682,11,GEOMETRIA DESCRIPTIVA,5
683,11,GEOMETRIA Y TRIGONOMETRIA,0
684,11,EXPERIMENTACION MECANICA ELECTRICA,5
685,11,CALCULO A,8
686,11,LIDERAZGO Y EMPRENDIMIENTO,3
687,11,FISICA A,8
688,11,QUIMICA A,8
689,11,SEMINARIO DE ORIENTACION IME,1
690,11,INGLES 1,0
691,11,ALGEBRA B,8
692,11,ELECTRICIDAD Y MAGNETISMO A,9
693,11,CALCULO C,6
694,11,CALCULO D,8
695,11,CALCULO B,8
696,11,ESTATICA,8
697,11,INGLES 2,0
698,11,INTRODUCCIÓN A LA PROGRAMACIÓN,8
699,11,DIBUJO EN INGENIERIA MECANICA,8
700,11,ELECTRICIDAD Y MAGNETISMO B,9
701,11,MATEMATICAS APLICADAS,6
702,11,DINAMICA,8
703,11,MATERIALES PARA INGENIERIA,9
704,11,INGLES 3,0
705,11,ANALISIS NUMERICO,6
706,11,DIBUJO ASISTIDO POR COMPUTADORA,3
707,11,CIRCUITOS ELECTRICOS A,12
708,11,PRINCIPIOS DE ADMINISTRACION,6
709,11,TERMODINAMICA,11
710,11,MECANICA DE MATERIALES I,11
711,11,INGLES 4,0
712,11,PROBABILIDAD E INFERENCIA ESTADISTICA,10
713,11,CIRCUITOS ELECTRICOS B,10
714,11,MAQUINAS TERMICAS,11
715,11,MECANICA DE FLUIDOS,11
716,11,MECANICA DE MATERIALES II,6
717,11,INGLES 5,0
718,11,ELECTRONICA APLICADA,12
719,11,MAQUINAS ELECTRICAS I,12
720,11,CONTROL DE CALIDAD,6
721,11,MODELADO Y SIMULACION DE SISTEMAS,7
722,11,FENOMENOS DE TRANSPORTE,10
723,11,VALIDACION DE LA LENGUA EXTRANJERA,0
724,11,INVESTIGACION DE OPERACIONES I,6
725,11,MAQUINAS ELECTRICAS II,12
726,11,DIAGRAMAS ELECTRICOS,3
727,11,INGENIERIA DE CONTROL I,8
728,11,SISTEMAS ELECTROHIDRAULICOS Y ELECTRONEUMATICOS,10
729,11,CINEMATICA DE LAS MAQUINAS,10
730,11,ANALISIS DE SISTEMAS DE POTENCIA,12
731,11,PROCESOS DE MANUFACTURA I,10
732,11,AUTOMATIZACION INDUSTRIAL,8
733,11,SISTEMAS HIDROMECANICOS A,7
734,11,DISEÑO MECANICO A,11
735,11,USO EFICIENTE E IMPACTO AMBIENTAL DE LA ENERGIA,6
736,11,INSTALACIONES ELECTRICAS B,10
737,11,PROCESOS DE MANUFACTURA II,8
738,11,PROYECTO INTEGRADOR IME,10
739,11,METODO DE LOS ELEMENTOS FINITOS,9
740,11,PRACTICAS PROFESIONALES I,15
741,11,SEMINARIO DE EGRESO,0
742,11,SEMINARIO,2
743,12,HABILIDADES SOCIO AFECTIVAS Y ETICAS,3
744,12,ALGEBRA A,8
745,12,CALCULO A,8
746,12,GEOMETRIA Y TRIGONOMETRIA,0
747,12,FISICA A,8
748,12,DIBUJO EN INGENIERIA MECANICA,8
749,12,QUIMICA A,8
750,12,METODOLOGIA DE LA INVESTIGACION,4
751,12,SEMINARIO DE ORIENTACION IMT,1
752,12,ALGEBRA B,8
753,12,CALCULO D,8
754,12,ELECTROTECNIA PARA INGENIERIA I,9
755,12,CALCULO B,8
756,12,ESTATICA,8
757,12,MATERIALES PARA INGENIERIA,9
758,12,INGLES 1,0
759,12,TERMODINAMICA,11
760,12,CIRCUITOS ELECTRICOS A,12
761,12,DINAMICA,8
762,12,MECANICA DE MATERIALES I,11
763,12,TECNICAS DE COMUNICACION ORAL Y ESCRITA,5
764,12,INGLES 2,0
765,12,PROBABILIDAD E INFERENCIA ESTADISTICA,10
766,12,PROGRAMACION I,8
767,12,MATEMATICAS APLICADAS,6
768,12,ELECTRONICA I,12
769,12,MECANICA DE MATERIALES II,6
770,12,DIBUJO ASISTIDO POR COMPUTADORA,3
771,12,INGLES 3,0
772,12,ANALISIS NUMERICO,6
773,12,DISEÑO DE SISTEMAS DIGITALES,7
774,12,ELECTRONICA II,8
775,12,CIRCUITOS Y MOTORES ELECTRICOS,8
776,12,MODELADO Y SIMULACION DE SISTEMAS,7
777,12,CINEMATICA DE LAS MAQUINAS,10
778,12,INGLES 4,0
779,12,PRINCIPIOS DE ADMINISTRACION,6
780,12,INSTRUMENTACION INDUSTRIAL,7
781,12,MICROCONTROLADORES,7
782,12,ELECTRONICA INDUSTRIAL A,8
783,12,INGENIERIA DE CONTROL I,8
784,12,DISEÑO MECANICO A,11
785,12,INGLES 5,0
786,12,CONTROL DE CALIDAD,6
787,12,PROGRAMACION II,8
788,12,ELECTRONEUMATICA,8
789,12,INGENIERIA DE CONTROL II,8
790,12,ROBOTICA A,10
791,12,PROCESOS DE MANUFACTURA I,10
792,12,LIDERAZGO Y EMPRENDIMIENTO,3
793,12,VALIDACION DE LA LENGUA EXTRANJERA,0
794,12,INVESTIGACION DE OPERACIONES I,6
795,12,CONTROL LOGICO PROGRAMABLE,8
796,12,INTERFACES HW-SW,8
797,12,ADMINISTRACION DE PROYECTOS,6
798,12,INGENIERIA Y GESTION AMBIENTAL,3
799,12,PROCESOS DE MANUFACTURA II,8
800,12,REDES INDUSTRIALES,12
801,12,PROYECTO INTEGRADOR IMT,10
802,12,SEMINARIO,2
803,12,PRACTICAS PROFESIONALES I,15
804,12,SEMINARIO DE EGRESO,0
805,13,GEOMETRIA Y TRIGONOMETRIA,0
806,13,ALGEBRA A,8
807,13,SEMINARIO DE ORIENTACION,0
808,13,INTRODUCCION A LOS MATERIALES,10
809,13,ORIGEN DE LOS MATERIALES,10
810,13,QUIMICA A,8
811,13,METODOLOGIA DE LA INVESTIGACION,4
812,13,TECNICAS DE COMUNICACION ORAL Y ESCRITA,5
813,13,FISICA A,8
814,13,ALGEBRA B,8
815,13,CALCULO A,8
816,13,DINAMISMO I,6
817,13,MINERALOGIA,10
818,13,QUIMICA DE MATERIALES,10
819,13,FISICA C,6
820,13,CALCULO B,8
821,13,DINAMISMO II,6
822,13,OBTENCION DE MATERIALES,10
823,13,ANALISIS DE MATERIALES,10
824,13,ARTE- CULTURA Y HUMANIDADES I,2
825,13,TENDENCIAS SOCIALES,2
826,13,INGLES 1,0
827,13,INGENIERIA ELECTRICA,6
828,13,CALCULO E,8
829,13,MECANICA DE FLUIDOS,8
830,13,PRINCIPIOS DE ECONOMIA,10
831,13,MATERIALES DE INGENIERIA I,12
832,13,GESTION Y DESARROLLO SOCIAL,2
833,13,INGLES 2,0
834,13,INSTRUMENTACION,5
835,13,ECOLOGIA I,6
836,13,COMPUTACION APLICADA,4
837,13,FISICOQUIMICA,10
838,13,BENEFICIO DE MATERIALES I,12
839,13,MATERIALES DE INGENIERIA II,8
840,13,ACTIVIDADES ARTISTICAS- DEPORTIVAS O DE DIVULGACION,2
841,13,INGLES 3,0
842,13,PRACTICAS PROFESIONALES I,15
843,13,MATEMATICAS APLICADAS,6
844,13,TERMODINAMICA DE MATERIALES,10
845,13,BENEFICIO DE MATERIALES II,12
846,13,MECANICA DE MATERIALES,10
847,13,CERAMICOS,6
848,13,GESTION DE PROYECTOS,3
849,13,INGLES 4,0
850,13,ADMINISTRACION,6
851,13,FENOMENOS DE TRANSPORTE,10
852,13,EXTRACTIVA I,12
853,13,FORMADO DE MATERIALES,10
854,13,POLIMEROS,6
855,13,INGLES 5,0
856,13,CONTROL DE CALIDAD,6
857,13,FUNDICION,8
858,13,CINETICA,8
859,13,EXTRACTIVA II,12
860,13,TRANSFORMACIONES DE FASES,10
861,13,LIDERAZGO Y EMPRENDIMIENTO,3
862,13,ECOLOGIA II,8
863,13,SIMULACION,8
864,13,SELECCION Y USO DE MATERIALES,8
865,13,DISEÑO DE PROCESOS,10
866,14,HERRAMIENTAS DE SOFTWARE,8
867,14,PENSAMIENTO ALGORITMICO,8
868,14,MATEMATICAS DISCRETAS I,8
869,14,TEMAS SELECTOS DE MATEMATICAS,8
870,14,QUIMICA A,8
871,14,METODOLOGIA DE LA INVESTIGACION,4
872,14,SEMINARIO DE ORIENTACION EN COMPUTACION,2
873,14,SISTEMAS INTERACTIVOS,8
874,14,ESTRUCTURAS DE DATOS I,8
875,14,MATEMATICAS DISCRETAS II,8
876,14,ALGEBRA B,8
877,14,CALCULO A,8
878,14,TENDENCIAS SOCIALES,2
879,14,INGLES 1,5
880,14,INGENIERIA DE SOFTWARE,8
881,14,ESTRUCTURAS DE DATOS II,8
882,14,LENGUAJES DE PROGRAMACION,8
883,14,FISICA A,8
884,14,CALCULO B,8
885,14,ARQUITECTURA DE COMPUTADORAS,8
886,14,INGLES 2,5
887,14,BASES DE DATOS,8
888,14,TECNOLOGIA ORIENTADA A OBJETOS,8
889,14,ALGORITMOS Y COMPLEJIDAD,8
890,14,ANALISIS NUMERICO,8
891,14,CALCULO D,8
892,14,SOFTWARE DE SISTEMAS,8
893,14,GRAFICACION POR COMPUTADORA,8
894,14,INTERFACES GRAFICAS CON APLICACIONES,8
895,14,FUNDAMENTOS DE INTELIGENCIA ARTIFICIAL,8
896,14,SISTEMAS OPERATIVOS,8
897,14,REDES DE COMPUTADORAS Y SEGURIDAD,8
898,14,GESTION Y DESARROLLO SOCIAL,2
899,14,INGLES 3,5
900,14,TECNICAS DE COMUNICACION ORAL Y ESCRITA,5
901,14,ADMINISTRACION DE PROYECTOS I,8
902,14,ELECTIVA DE �REA DE �NFASIS I,8
903,14,ELECTIVA DE �REA DE �NFASIS II,8
904,14,PROBABILIDAD Y ESTADISTICA,8
905,14,ARTE- CULTURA Y HUMANIDADES I,2
906,14,INGLES 4,5
907,14,PROYECTOS COMPUTACIONALES I,8
908,14,ADMINISTRACION DE PROYECTOS II,8
909,14,ELECTIVA DE �REA DE �NFASIS III,8
910,14,ELECTIVA DE �REA DE �NFASIS IV,8
911,14,MODELADO MATEMATICO,8
912,14,LIDERAZGO Y EMPRENDIMIENTO,3
913,14,INGLES 5,5
914,14,PROYECTOS COMPUTACIONALES II,8
915,14,ELECTIVA DE �REA DE �NFASIS V,8
916,14,ELECTIVA DE �REA DE �NFASIS VI,8
917,14,ELECTIVA DE �REA DE �NFASIS VII,8
918,14,ELECTIVA DE �REA DE �NFASIS VIII,8
919,14,ARTE- CULTURA Y HUMANIDADES II,2
920,14,ACTIVIDADES DE APRENDIZAJE I,2
921,14,PROYECTOS COMPUTACIONALES III,8
922,14,INVESTIGACI�N EN COMPUTACI�N,8
923,14,SEMINARIO DE EGRESO ISI,1
924,14,MOVILIDAD I,6
925,14,SEMINARIO DE EGRESO EGRESO,0
926,14,ACTIVIDADES ARTISTICAS- DEPORTIVAS O DE DIVULGACION,2
927,14,PRACTICAS PROFESIONALES I,15
928,15,HERRAMIENTAS DE COMPUTO,8
929,15,DIBUJO PARA INGENIEROS,5
930,15,INTRODUCCION A LA TOPOGRAFIA Y CONSTRUCCION,8
931,15,GEOMETRIA Y TRIGONOMETRIA,0
932,15,GEOLOGIA,8
933,15,ALGEBRA A,8
934,15,GEOMETRIA DESCRIPTIVA,5
935,15,METODOLOGIA DE LA INVESTIGACION,4
936,15,TRIGONOMETRIA PLANA Y DEL ESPACIO,5
937,15,TOPOGRAFIA PLANIMETRICA,10
938,15,QUIMICA A,8
939,15,FISICA A,8
940,15,MATERIALES DE CONSTRUCCION,7
941,15,ALGEBRA B,8
942,15,TENDENCIAS SOCIALES,2
943,15,TECNICAS DE COMUNICACION ORAL Y ESCRITA,5
944,15,ASTRONOMIA PARA EL POSICIONAMIENTO,5
945,15,TOPOGRAFIA ALTIMETRICA,10
946,15,PROYECCIONES CARTOGRAFICAS,8
947,15,CONSTRUCCION I,10
948,15,CALCULO A,8
949,15,GESTION Y DESARROLLO SOCIAL,2
950,15,TALLER DE HABILIDADES DIGITALES,3
951,15,INGLES 1,0
952,15,GEODESIA,8
953,15,TOPOGRAFIA EN VIAS TERRESTRES,8
954,15,TOPOGRAFIA SUBTERRANEA,8
955,15,GENERACION DE CARTOGRAFIA,8
956,15,CONSTRUCCION II,10
957,15,ADMINISTRACION DE EMPRESAS,8
958,15,LIDERAZGO Y EMPRENDIMIENTO,3
959,15,INGLES 2,0
960,15,SISTEMAS DE POSICIONAMIENTO,8
961,15,INGENIERIA DE TRANSITO,8
962,15,GEOTECNIA I,12
963,15,CONSTRUCCION III,10
964,15,GERENCIA DE PROYECTOS,6
965,15,INGLES 3,0
966,15,TOPOGRAFIA EN OBRA CIVIL,10
967,15,HIDROSISTEMAS,8
968,15,PROYECTO INTEGRADOR,6
969,15,LICITACION DE OBRAS,6
970,15,MODELADO EN OBRAS HIDRAULICAS,8
971,15,CONSTRUCCION IV,6
972,15,ACTIVIDADES ARTISTICAS- DEPORTIVAS O DE DIVULGACION,2
973,15,ARTE- CULTURA Y HUMANIDADES I,2
974,15,INGLES 4,0
975,15,PRACTICAS PROFESIONALES I,15
976,15,INGENIERIA DE COSTOS- CONTABILIDAD Y ESTADOS FINANCIEROS,6
977,15,INTERPRETACION DE CARTA TEMATICA,6
978,15,FOTOGRAMETRIA DIGITAL,8
979,15,RESIDENCIA DE OBRA,8
980,15,MODELACION TOPOGRAFICA EN 3D,5
981,15,ARTE- CULTURA Y HUMANIDADES II,2
982,15,INGLES 5,0
